0.129287165114218,-0.0917467480160323,0.0441435343402149,-0.0804733123559421,0.156514347034766,-0.0746480561123208,0.143699120830021,-0.0488942247266128,-0.00868829048960931,-0.0767388652759847,0.1227119723994,-0.0473133970914665,0.21152254758932,-0.0947054124365304,-0.0214533611689056,0.136065632549578,-0.168341976616637,0.168042479333567,0.084285635524158,0.0820241694271537,0.0206862878825852,0.0136468547867796,0.386388347980318,0.147793837073708,0.0125563964526275,0.0209891385162651,0.0952445046355691,-0.348265104137002,0.0559039879364009,0.108467926654495,-6.66038575736216e-07,-0.0575780014028355,0.0328971963966328,0.266438496185741,-0.00800989595398957,-0.0722699174411468,0.17108589583294,-0.0762521637076394,0.082668718975564,0.0625922732460018,0.0639862882394235,0.0786922863679114,0.0677382982109266,-0.0769261253518276,0.314295137068139,0.247285448984643,0.153733916096848,-0.0630042778000197,-0.178481436577683,-0.009864466873855,0.0824508926389034,-0.00407764737814031,0.164732999650696,-0.0186795347698017,-0.0502311190752849,-0.0254384149018454,-0.0236221306170002,-0.00625368486936282,-0.00131355730690943,-0.020920612769353,-0.155167825053247
0.136505820191707,-0.0667062081261669,-0.132655302590436,-0.0274649117140577,-0.0873837028961347,0.135432511772193,-0.0443292451206877,0.101503448649805,0.0631945505016926,0.145313735136279,0.159390442283314,0.00485567088872403,-0.0704977885534646,-0.0289233117719249,0.0546871676699462,-0.100248145641857,-0.257763815958475,0.337321065174301,-0.0541438031283808,0.163491337762776,0.00427713562883904,-0.0659685314074053,-0.242838229505023,0.0358063231493452,-0.0949633845259559,-0.185729658503095,-0.154794375139606,0.212159888894241,-0.0721761668626557,0.203658879920287,0.012702102788166,-0.0976654523449436,0.206414903991554,-0.0238230293666512,-0.164273013759679,-0.11152918140996,-0.0450263338597078,-0.0844371203449508,-0.0989800071135013,0.10220523546209,0.0539616105095092,0.136717020738779,-0.135316466303932,0.0824959477390636,0.209307593643972,-0.264910320996611,0.177684745486378,0.124309295951237,-0.154305349871799,-0.0128011045886603,0.0726483219172409,-0.0123702499516105,0.125336532291638,-0.0790740156100473,-0.152093312982238,-0.0308023636392682,-0.0396550489334107,0.0716166357573291,-0.00826662914643408,0.0709960336863605,0.0236795335936636
0.114368061450041,-0.138388747911053,0.0191653828959194,0.0899121083369902,0.0301920513011408,0.0192151895929511,0.00375413431266263,0.162496437739284,-0.0133415652674795,-0.0696503418185434,0.0370148212937493,-0.1285961483461,0.0678761363925694,-0.0880839534203476,-0.0889720821770573,-0.00381043223068259,0.132931218138532,-0.0587957690043874,-0.0911055736460247,0.147636875463089,-0.155791671340675,0.103011686421711,-0.172657651944445,-0.0768724123375828,0.017687410926459,-0.0643399140316191,0.108287068586811,-0.104967166578487,-0.0978080627422767,0.102790170114848,0.144319827144102,-0.0765441388984148,-0.146554811599098,-0.0393507919457825,-0.136989465285128,-0.0303188450861203,0.0233448615646095,0.069444736605524,-0.177651953843396,-0.197492236457486,0.0181051293075638,-0.263711689418078,0.0921150623065244,0.231249189969003,0.0738956539726229,0.0405307663599485,-0.0761222200480817,-0.194313244271038,0.0914832656173959,-0.131583838971206,0.204965535275608,-0.308396965919487,-0.0154504357175288,0.1421927526209,-0.268218959242594,-0.0108391493369176,0.145874734812794,-0.0798433171056324,-0.164731750737069,0.220155880453949,-0.18119190438314
0.139851067892663,-0.0975110465675728,-0.0326652541394854,-0.0181194431465154,-0.128565159241168,-0.0204639746422107,-0.0293119568776911,0.0262902449032716,0.0459308359634522,-0.207197696764684,0.111887717217061,-0.0562629332512561,-0.027150919065136,-0.0772650568726464,-0.0424434140013284,0.0587569513740929,0.0254744542335566,0.0172604496379241,-0.0201684272408961,-0.106603718163736,0.0643318000354916,0.0906613029269752,-0.0425344582442826,0.0521583787734234,0.0316380299140652,-0.100060995911339,-0.0662476671069509,-0.161896275476354,-0.0425324315007059,0.0584503740683065,-0.147573742102585,-0.13536996489487,-0.0255452864118144,-0.0421761472791895,0.123759347967833,-0.00531050416261644,-0.0790300797035024,0.0225513418954783,0.128586164000586,-0.0760975419905747,0.0346832803035975,0.164738355252528,-0.027958045160681,0.0307717839814759,0.0235718033471553,-0.0404720070122533,-0.052108743667843,-0.240102802492472,0.148870343199106,0.0158691156193919,-0.0677507102883225,-0.103663252174713,0.169469594173577,0.240609661751108,-0.231077326315035,0.129443389726132,-0.0295905029214468,-0.0949202441123312,0.293951516839995,-0.172999877769161,0.549168316496663
0.106709242048252,-0.183284698428412,0.054832589989886,0.0460186164100822,-0.0343347265673518,-0.00202767340446708,-0.156267426687799,-0.0796083787828275,0.0629666099092353,-0.00405487154133706,0.0368648791389211,0.0281017044739372,0.0785145001095375,-0.107674605210427,-0.125678926172932,-0.0120633046185962,0.0495906898720303,-0.0126581065815743,-0.0140821461325238,-0.0635952416548166,-0.0392755487392425,-0.10146103437799,-0.0408945458026848,-0.110072476245225,0.2324492550169,-0.0855086723610387,-0.290593890676113,-0.0149732766375219,-0.0798438746360109,-0.131104526942729,-0.222790482285152,0.0162025508577689,-0.0586606596816149,-0.091446039969598,0.325297286630656,-0.254976158472868,0.0337800853476504,-0.128414562524719,-0.0577224322306285,0.0842769957002843,0.0352835295074079,0.065083198198217,0.155213384570887,-0.237239165599761,-0.157133647636013,-0.0698595655757569,0.0777910759354116,-0.202612147837655,0.0663754208864749,-0.0728164992368567,0.254064753012268,0.0307420812389292,-0.00529575235455593,-0.146297790967303,-0.0707713582838024,-0.216820090989683,-0.238755426773429,0.0378372954651198,-0.0104802858549372,0.0700299905309823,-0.202070467985724
0.119804991447816,-0.10985320471999,0.0298173733743534,0.0125431385515574,-0.0262888884117201,-0.104045316515416,0.00683646269592598,0.0347033635346498,0.0118943460517013,0.0348174539943626,0.0189892415497632,0.225436096496759,0.0801496845779588,0.179795689142095,-0.0808642432648654,0.154582205188193,0.085741057563682,0.115050419400072,0.0307643059187921,-0.171157396337458,0.0435240847006013,-0.171623430951754,-0.124539580404998,0.0105774670417505,0.0164381029908998,-0.0474857949726805,0.120420734416726,0.155377712410705,-0.159298885636247,-0.0611027593812114,-0.00571315505331743,0.126770378030845,-0.0707964321663648,-0.202632588225308,0.132912831190888,0.064692821762543,0.201996195736646,0.184656642732927,0.0228825922671794,-0.00341412415560596,-0.0274326068287374,0.0193826490523529,-0.0464421149892861,-0.153087927605481,0.232519772983491,0.0728755680343098,0.0308226143708895,0.129144171605328,-0.00618542482932218,-0.14978345415187,-0.00304700143576036,0.143957606258243,0.137068227207841,0.366592995475557,0.00276517819823514,-0.186198793910363,0.348661921745482,0.156376837562346,0.137714002249172,0.0623186715503874,-0.0827525019439732
0.115191916069652,-0.192297408736289,0.0526069072640717,0.0600733414202162,0.0287141896725622,-0.0617634208674591,-0.00729870383948717,-0.000592490302624392,0.11779748948573,-0.0195637621974085,-0.165217522984298,-0.198444451726943,0.0809739438710631,-0.32573965586018,-0.0983210340731633,0.0994063337269591,-0.128567226924189,-0.0452002565444529,-0.287174184451327,-0.00324176233407575,-0.108067874779687,-0.108708203989385,0.073727459265254,0.0208566529713686,0.0246878412452039,-0.168804253645897,-0.353538642432042,0.0933450630815856,-0.146982211267796,0.127437387980747,-0.142124591772748,0.122910822976765,-0.145408793786117,0.0852319927872212,-0.0703535129195915,0.350943496283075,-0.0707849538298218,0.156863841679801,0.00716026593009572,0.0717092141979246,-0.0659212157972837,-0.120986114414606,0.0648682514007699,0.0280851719454581,0.0852939928776152,0.126224320704213,-0.123232031749079,0.221842150315185,-0.0466686916912064,-0.00723477302633108,-0.105537396385167,0.121159138917132,-0.0601913991317265,-0.0218236765566807,0.0876699983269322,0.0108257109660334,-0.0102395892861433,-0.0223629297807798,-0.0770043959466566,-0.0587938557324448,0.0793723929175646
0.121075911775925,-0.230149629282889,0.00518462319798534,0.060379972056517,-0.0775153503799256,-0.108970269923993,0.0418068525754085,0.17940748292291,-0.123947023456311,-0.00334012533110049,-0.122184966880228,-0.170593047248194,-0.0664578782509846,0.281982677768754,0.162951922547596,0.0459496864525543,-0.275738134665256,-0.18367244214462,-0.137299986431382,-0.0488555048229891,-0.0972738964933354,-0.0618608215170307,-0.14272630676336,0.0139107626824927,-0.320770740886787,0.262418892984686,-0.180902973163867,-0.140321244548647,0.174074492153348,-0.0400205574959643,0.150695259087223,0.234586004233433,0.0873916233343369,0.0354277048182444,0.0384497898347393,-0.152924306053445,0.0712439222689883,0.00460922726510103,0.0166782272154355,0.129399896241287,0.0499815752242329,-0.155155376568511,-0.116043287268892,-0.0420280817800895,0.0173761972056472,0.0782247532937672,-0.0271363955678944,-0.130153349041517,0.12667855907125,-0.0886099673895133,0.0175582927327814,0.172452981076485,0.0767703005531353,0.00829864426045629,-0.0821880089196239,-0.0254919163795793,-0.108715929532583,0.044611358877337,-0.00409436885750895,0.0120673448030329,0.0560493611186795
0.141182731123896,-0.0860965450095268,0.0569860589452057,0.00515432360124685,-0.0386208496768294,0.187221493013341,-0.0109163098685555,-0.0970067429356599,-0.041829528459338,0.0378738831098981,0.206813822594735,0.130674334136058,-0.00973936308471671,-0.00551313459962883,0.00775271171800945,-0.059319780174793,0.0799087961098767,-0.00966140001420381,0.00450208963353857,0.169781243545179,-0.0701747677734643,0.0329909405783185,0.125613453264786,0.061718503550602,0.000740203576787295,-0.0277663088896715,0.156345889747454,0.0822404595059757,0.185746924384795,-0.105955591132662,-0.0371038312158055,0.0962336443899353,0.0519558146172326,-0.0247652360721559,0.047197266088288,0.029271530129062,0.0242556335423754,0.0597135794882645,-0.00450130301328678,0.0213161965469986,-0.0135605075047487,-0.203136040349984,0.0858247607945867,0.348866290972956,0.119315319563577,-0.0631191074135219,0.0411460588473302,0.0826995121246705,0.0517910674198862,-0.307074647360176,-0.0331642629861425,0.0988324788097578,-0.106554646259682,0.177038334361153,0.140732033622893,-0.322270339911268,-0.39900423514776,-0.143723592973862,0.0510634796601518,-0.176621938187893,0.105511128741049
0.112790193586584,-0.193602526319586,-0.0510638811865704,0.0685957197698193,0.0127389596959307,-0.041232952261175,-0.0292239221717097,-0.00525166034336186,0.0302334311079154,0.0286311382258536,-0.0834426867218111,-0.0477046738159842,-0.100508688738607,-0.0368008610681181,-0.0164465615251174,-0.0144446082379415,0.136087371351691,0.0364307016643673,0.019903149264956,-0.0432385368007701,-0.0693970716236761,0.1725829727519,-0.220800368577137,-0.236495674465003,0.205186060151976,0.233931685348745,0.0189300318745858,-0.0184109766640585,0.0441509998233225,-0.0656978040214936,0.0549873722916649,0.175048836046348,0.116432332873856,0.141593106428203,-0.0152785897577986,0.0846305339722489,0.0125248319980741,-0.121420416952183,-0.109953977734688,0.0454777782784735,-0.113242954733536,0.324972000685193,-0.104645063265812,0.0669925467340715,-0.0439574610641669,0.207805574607263,0.0719207636378539,-0.0047303048330008,-0.45309745795312,0.081014429734185,-0.0897182028551825,-0.0175188906958324,-0.220418383809065,0.176150056616287,-0.128527833793628,-0.107851782828241,-0.0167429612590246,-0.172302046696188,0.017741161485822,-0.0740138426277836,-0.000618848844666692
0.130122238762925,-0.108146806200512,-0.0794621807880707,-0.0249235687380192,0.0133764426311882,0.104912241708026,0.00788891891889149,0.0880939693360671,0.164756086756704,0.153806537614627,-0.0897196358171025,0.0605596620841976,-0.279933223601974,-0.186279934839179,-0.104353693500927,0.0184569482029986,-0.0387941715006441,0.087996965575339,0.12813026988675,-0.17431730811409,-0.0615882125684242,-0.0492482178110983,0.0520593173001487,-0.0132753996874959,-0.136819242207069,0.123116935407274,0.0771754815111093,0.325326812783231,0.127035941738443,-0.0352260579263258,-0.0191660952502452,-0.204007743573867,0.184862283304363,-0.0470922971087309,-0.0833430004482388,0.00954862165444351,-0.116860133736983,-0.0260961137918481,0.0696062922731704,0.181266582547465,-0.0386045327471866,-0.0791669757825544,0.232835777235581,-0.0733565932709498,0.0170753063212793,0.276310321217497,-0.177691287373919,-0.281771660237804,0.0780474883734717,-0.00339946951097021,-0.0954092276608477,-0.169036675621307,0.191238857262931,0.0494696897221777,0.075441877275017,0.0276251302953315,0.00460080843555701,0.000527142095306455,-0.0143312072991716,-0.140557939673321,-0.169582748505703
0.147735248072738,-0.0545175843884982,-0.099680716656051,0.0296840099495583,-0.0615891539955809,0.246789030242936,0.193171791144374,-0.047140280573294,-0.14470724881953,-0.0768220951539039,-0.212834062506501,0.188368351337339,0.104856917308281,-0.0699150936873767,0.429917443161999,-0.0633837197580223,-0.118458702463416,0.111836904861295,0.0761060169846146,-0.0297843071623043,0.0449930095517097,0.099746363931588,-0.199975646177533,0.024179873954302,0.258051335002289,0.116664498568095,-0.0657720068252259,-0.236590255713265,-0.295175168767827,-0.109783342681013,0.107701041798137,-0.117238518377935,0.0730896081232283,-0.0229552786291749,-0.0318203299684114,0.208918451398492,-0.00336569723669587,-0.0227957830058762,0.100143745352392,0.0505862060723453,-0.111531202551982,-0.0116788150165887,0.12317660026163,0.0845554400855657,-0.00944134907288196,-0.0189617857380789,-0.139517034707342,-0.0173058877492277,0.102408524457302,-0.0781845927572073,0.11021042223314,0.0328510096621366,0.0634680943882451,-0.0754378914293965,0.144085571638418,-0.0137872592079963,0.00713118789915791,0.0881625289417414,0.0576269287574667,-0.0527606328432906,-0.0618060534287277
0.137019175672798,-0.197343060419888,0.0243944186325155,0.0698167685629862,0.0289522160457872,-0.122418328644671,0.00578215134873867,0.00142798887526981,-0.0319822331618291,-0.103265543038753,-0.217250292511864,0.271300010052621,0.108337945225065,0.00248203466800415,0.0861239810980503,0.148249551766727,0.0512885726734675,-0.178989396691184,-0.188943512920319,-0.209137304146576,-0.0459170201304633,0.00566123760990331,0.104824629547266,0.0236781322348729,-0.0438900437922785,-0.211264395379304,0.107574492052194,0.158846562379861,0.0273705336572678,-0.029121048978664,0.231770071061965,-0.211611070137485,0.157562600596785,0.084449247205495,0.0487098345095651,-0.030038424227352,0.135315847795382,0.0378362846891596,0.0819436843018627,-0.0228435614557909,-0.0700642879326688,0.00992312602197769,-0.159764093820579,-0.0431778706845341,0.114787787812724,-0.195713347036675,0.10144006336895,-0.0654678752481865,-0.020663500327691,0.229256822161609,-0.0388833015654579,-0.285457968401435,-0.134469340418938,-0.160256575407491,0.0711593079306527,-0.192433896798359,-0.080378717915927,-0.0143904437270709,-0.16319886805229,0.0143871655811524,0.141627647713183
0.152677996306008,-0.178942711890034,0.0787027270171793,-0.059290456857361,-0.169195351390711,0.000840188817285516,-0.038351715809955,-0.158984229569164,0.185879901827578,-0.0111073236635113,0.170839833116781,0.108977978514107,-0.0279646180678932,-0.0038651441477874,0.0845775798478023,-0.126520964774348,-0.129195505472091,-0.145546326955726,0.0475333189634019,0.183645316156248,-0.0954693980998896,-0.0259419207382165,0.173970325503748,0.232836205189927,-0.15916502678109,0.23783624632804,-0.0646618935400453,-0.0974176062841383,-0.14165218300796,-0.0163784013841484,0.0513530491233577,-0.180402132158854,-0.000104576819069956,-0.194470718832588,0.0940543722121911,-0.0461438353577966,-0.172023814479734,0.0806338461200531,0.0148539406005854,0.0887583759729706,-0.20368125115323,0.0718773369389886,0.0980289746386138,-0.0413247313027778,-0.189561884248595,0.00399041625529565,0.194916859012187,0.131452146272179,0.0115001500849771,0.107911597036765,-0.114077513337668,-0.0110015236340031,-0.141462264044244,0.132787574267744,-0.0274972965205429,-0.0122308412459489,0.225473997163283,-0.198674846310031,-0.127677524056355,0.220055563108591,0.000754432117423848
0.156496647569682,-0.0692678558480998,0.0997022351610662,-0.058660127321204,0.148996610887208,0.328620881706134,0.0950520032232855,0.0497144163288455,0.0643905977005877,-0.138803360355788,0.0664920191226403,-0.148369065585523,-0.216451325562999,-0.129987933683454,-0.0727948144757705,-0.0105809807519661,-0.0390785479690446,-0.304362778571321,-0.142814037493284,-0.0873897730435096,0.0106717082168009,0.00546764813639596,0.0372378505818847,-0.101958187199392,0.229638307410743,-0.0136719594159494,0.179141411912112,0.0785351934948167,-0.0785442375487347,-0.149603567480143,0.121430812542737,0.129019156885525,-0.0872836774440258,0.00856093052104569,0.0469721730254857,-0.234927592166925,-0.111381231962282,-0.250884903806427,0.17269508975321,0.0631116593411161,0.0661314409117959,0.0117914757547744,-0.0855574945930315,0.131950316145548,0.162312579336942,-0.0547581836225366,0.1092237295745,0.182348060501495,0.106644582903557,0.174424918458209,-0.0342645622333643,0.134017702836697,0.137368118119983,0.0313697191394436,0.0534154191695126,0.128045566785357,0.0984720924867201,0.0911742094223304,0.0453342089542834,0.0994873745903526,-0.058056804428966
0.140668053233511,-0.152791550426637,-0.0502133105592666,-0.0379731409963704,-0.194385653563337,-0.0390701465050004,-0.0162653345275364,-0.046993454487958,-0.03769395721736,-0.133257238094656,0.0521586952242649,0.137744343947018,-0.11838356330886,-0.120975383623454,0.0357882075234267,0.018568154341375,7.6188163360795e-06,0.0267833948641056,0.215749753242596,-0.0473182969661948,0.182371143274528,-0.166740315059153,0.000936564290377882,-0.0310554162983039,-0.0412580577775884,-0.0370075791103304,0.142220692627414,0.0306745354984249,-0.0572207421902037,-0.137640875597299,0.0533123500343695,0.114152279723537,-0.0675611199782652,0.135095751798369,-0.119938526229871,0.210215490272038,-0.113843157774435,-0.0521504262810435,-0.0864128860516658,-0.145195110324199,0.267965759221851,-0.155376069573774,-0.067048890524813,-0.123824015151404,-0.07455741668088,0.177459120513617,0.174825887332733,0.0928498539224521,0.111947352455539,-0.114770775445465,-0.226910268893548,-0.0256109289558441,-0.125738287056398,-0.316496791473135,-0.311320242806456,-0.00797638310513131,-0.0835683695322876,0.0442607640065522,0.157657775286067,0.153994203333082,-0.0123052811409197
0.115728000848012,-0.173697779824582,0.0335369574682964,0.0548683081176601,-0.0311883478574773,0.0120772060237292,-0.0344117127602127,0.0108690112236816,-0.0743103703282375,-0.0557280226176275,0.000178417868285458,0.0970732925846446,0.0745634317232776,-0.10157909252286,-0.095977918402679,-0.0951152588914962,0.149715795855752,-0.00488416884639345,0.136605257918055,0.148542176349885,-0.226374766093152,-0.0303989762312493,0.000906311778268235,0.0111587787224701,-0.0923665694636439,0.0236103789485909,0.037610651526857,-0.0152809951705594,0.235054456689791,-0.00565409818823465,0.0124523759545779,-0.0541905948179514,0.127408815040024,0.0759867159737392,-0.0126222481723394,0.0109829212707684,-0.0248881048519325,-0.00425743907257026,-0.136116517498078,-0.0643517783511648,0.139630097711747,0.00491073448417987,0.162965942812719,0.0156415034864107,-0.08327840875393,0.0517515090142277,-0.22655129569647,0.123104233342836,-0.12174118369462,0.274007242221089,0.273728446715879,0.146025833871548,0.00402872384725277,-0.00587164452710173,0.16700073903315,0.0232045703777682,0.0616791887826478,0.391377520707894,0.199393020966773,0.252121946448803,0.264910469847014
0.115696920263922,-0.13474780476423,0.0804424804299664,0.0206183436216393,-0.0388632848289995,-0.204631877533799,-0.0574332848832197,-0.103411257695124,0.101426899831718,0.00453110974065123,-0.00686029346936345,-0.242367258376559,0.0641601294713913,0.0367663175855179,0.0111985303479556,-0.175914674226377,-0.0178448776450971,0.112858138824653,0.113242045863509,0.0441530494022408,-0.0572629635828478,0.0610641580034513,-0.082306543518131,-0.17046033698253,0.0149493516503598,-0.203369432004714,0.15052817383607,-0.0331014958914351,-0.145117554499989,-0.0914598471181686,-0.153343712686451,0.00142181827094763,0.215131659851282,0.00461585870535869,-0.260986887875432,-0.253389102521316,0.111589270885388,0.028007925386529,0.440409163279621,-0.0445683273292702,-0.0771963714353335,-0.24643901913515,-0.0588399174956798,-0.100500157863156,-0.113497561711982,-0.00805457622912333,-0.00399474618913303,-0.0259793383240608,-0.0900563988455402,-0.130784294157506,-0.0599199575632697,0.0202505900594798,-0.157042317937342,-0.0222240995748963,0.210748508708314,0.0992052613372298,0.0711218421478097,-0.0338893935851995,0.0988595219208217,0.0464446038525696,0.0337608674311815
0.129640198587823,-0.0244522706620444,0.137501417887485,0.0226773421533496,-0.0105467107121394,0.0250085041294019,-0.0762141190465954,0.0219372391715998,0.0355717550931513,-0.141560330854984,-0.0509060616696945,0.014609729356558,0.0293814641945785,-0.0961646767197244,0.064285503004328,-0.0896437051400566,0.134203770508605,-0.136772912259105,0.068444802744983,0.062653990060875,-0.121123926836193,0.0876397363362632,0.143225430455411,0.0168485025012616,-0.156156830364813,0.0354677976102379,-0.0870794498216497,0.0366959907829807,0.0729857466538491,0.0457272425164014,-0.102951167461974,-0.00797114237936699,0.0567561166277219,0.113335286715311,-0.0549539483622811,0.0693178284013159,0.101033543677603,-0.00717884210960117,-0.008447927023156,-0.0152906946944303,-0.035101781628624,0.0352524485874369,-0.0681479770686065,0.0983659832299223,-0.0821823746619106,-0.351795817168748,0.0327580646037214,-0.0972825519929798,0.0127201706969441,-0.04478182546945,-0.0752665630354586,0.138492440108404,-0.053817860682394,-0.06178991897657,-0.239380045509955,-0.0204843841000902,0.31421674318403,0.217053668822755,0.180909793820152,-0.445404738387206,-0.328512484427947
0.1553312642334,-0.137869244637536,0.0159800570969865,-0.0655732261272717,-0.136612201533849,0.147345912955675,0.0632975229038095,0.158057259546036,-0.124986133982489,-0.123416963534017,0.143639948869429,-0.00409162883620143,0.0716561650035696,0.0636821298788259,-0.166431600542241,-0.00123109004305592,0.174683737550268,-0.024776900550161,0.0921521964735319,0.0186488835683704,0.0660214946204382,-0.137395649327361,-0.0805175281074482,0.0682363202912208,-0.00985935524817927,-0.0493233316977497,-0.147143396547722,-0.0358566501014053,-0.0307912800835922,0.129988490941228,0.34415212400546,0.0386738246355649,-0.0688921283467367,-0.209713116135348,-0.131110375927395,-0.147077673655702,0.00746149700192591,0.0355902476393389,-0.0187069479256446,-0.276235072128239,0.0242712605648421,0.0824923310863499,0.119776730056222,-0.210716927102916,-0.0281818235860972,0.0650261484901789,0.0163759264707837,0.0537116413235723,-0.132577414637742,0.0151746210416192,-0.0564787473283194,0.0397556570183291,-0.0288401133534002,-0.0602770901653152,0.227312756420397,0.186240073306851,-0.106760748534506,-0.0524572270770944,-0.158727578043386,-0.402651174903073,-0.0473986660464327
0.112279961689422,-0.177722637129465,0.0552009510296139,0.0487786710992101,-0.081643935617443,-0.0297803584873339,-0.144176145964968,0.0377346601977479,-0.121276418153898,-0.0455839263343333,0.175406511915559,0.0400425940014389,0.0645498867083232,0.147071177540309,0.132042911540868,-0.0810518384902529,-0.0135715805302247,0.0519374099204498,0.0462799360983742,-0.0295437113282243,0.0797173418402411,-0.192627032068044,0.00263809659905637,-0.131170417245857,-0.0136674550867756,0.0238087368255762,0.0118485940399301,-0.0156715496822106,0.118693035078263,-0.0929694603457301,-0.293799072435507,0.092802273529745,0.0780895865452743,0.192167357751372,0.211177701488579,0.184185681990948,-0.0767515383775874,-0.0204347465579146,0.112821088844292,-0.139092005740389,0.131405698575478,0.114829951580561,-0.0100707564251275,0.10850732866884,0.0743151254548728,-0.187359540887819,-0.231655056362495,0.0567293677828684,-0.00369088773536468,0.0674946306586992,-0.109967785631805,-0.184471525338069,0.127407704218897,0.115464661969922,0.105409660111396,0.27511967528372,-0.00658168495767061,-0.0758796019460471,-0.344916000749502,0.0749475985864166,-0.197682859157147
0.124477823921107,-0.121800388334659,0.0283923396515038,0.0125371332424421,-0.0348240168026233,0.0059465210049991,-0.163122059849079,-0.0362941935170115,-0.0514179271671854,0.212266223450528,0.238543651989894,-0.031757671930168,-0.156452565121405,0.0213148738439966,-0.0982113479878522,-0.0925591139515006,0.0189813150652125,0.219538852078413,-0.049175389618308,-0.191020807960683,-0.0834851459860518,0.282032002289733,-0.0379958507570304,0.330899755127289,0.225605155009221,0.0215464672811222,-0.0054706745730633,-0.00918962704591271,0.102767620968506,-0.13883775287977,0.0688458744636253,-0.0401330595705476,-0.14506649678171,0.204802765639446,-0.057428685935408,-0.00298144692721879,0.311126139003382,0.132190739478884,-0.121521934601922,0.0135089506917851,-0.159707230262296,-0.0380746651640198,-0.178324225754178,-0.0728633812257397,-0.0581946799654338,0.0108066769703578,-0.138256757716359,0.0944225423827061,0.251718091401369,0.115268775695246,-0.00803036002273372,0.0867366397503433,0.0300472875377194,-0.148494030309026,-0.0176188441163061,0.103239019749946,0.0362995070536358,-0.0569250611112133,-0.0643217865385476,-0.0139912663036691,-0.00540086537749185
0.106952839340069,0.0169494391806189,0.132657368745364,0.0410182188371778,-0.0452776553891575,-0.00719643918512297,-0.0624313768740706,-0.0503938125005338,-0.114230085117439,0.0602941974198639,-0.144770588344972,0.0490952770425215,0.0583009570213899,-0.0179799622496153,0.0120003808193008,0.00218994071322667,0.168997249837633,-0.0328783903329079,0.110689323925002,0.0087044308183131,-0.137519194085447,0.125392192972286,0.0527556971604699,-0.166572391896976,-0.0336789438212062,0.030189548947086,-0.0200782790961055,0.0224044038640329,0.030869065182932,-0.00145642887267015,-0.0563340336920592,-0.0433411591354093,-0.188450458851824,-0.175674486589003,-0.295390980945701,0.131886743850811,0.178471505884326,-0.101496436550667,-0.0805530074060154,0.13857919318698,0.0846046932318538,0.165865575123279,0.118774416668911,-0.0265555491360529,0.175337900391926,-0.159213440555792,0.195452065379457,-0.271427958825207,0.0422576024848949,-0.0705812108827848,-0.235658685550397,0.296130235992681,0.174614759111706,-0.0536076608542139,0.0856617097199464,0.14894035563752,-0.0528131818970463,-0.119077694953288,-0.167235632759578,0.264585924576,0.127655596150843
0.136352507747634,0.0453737763494793,0.163457922451639,-0.109985228824781,0.134807697958968,0.10486076133249,-0.166315230963125,-0.181924705154657,0.153823348659986,0.2143329749737,-0.0095781286539564,-0.039821243403451,0.11184188175538,0.131407404688277,-0.043285832243529,-0.143601206938596,0.0408002842948031,-0.103561859167094,0.128079121866291,-0.115851718692619,0.119349387927583,-0.18961938124173,0.0100393069227233,-0.159458814524816,0.0991885623630177,0.118978742727097,-0.00802169418661039,-0.157369858730911,0.0494432631523547,0.276412760810013,0.172270854994255,-0.117295455763106,-0.0210739543989272,-0.131523847117535,-0.00791650498869158,0.0384623913480297,0.0627426570324957,-0.0106928110032001,0.0823994460401295,0.204054313438654,-0.0258616035504643,-0.0330009985093394,-0.024019719441499,-0.0396021301268867,0.20561752206681,-0.0431723317143251,-0.321205410472684,0.104286421882186,0.0279741804599693,-0.034316179905079,-0.0817282393720162,-0.0769241267678282,-0.234937666662529,-0.0256998410518633,-0.276197765688264,0.0414229430410484,-0.142053659487822,0.173752680527369,-0.00241582346149254,0.0102373669348621,0.0724944159637328
0.124418998600554,0.212326501226439,-0.328454303591921,0.438557999844036,-0.259028949904122,0.213363503708698,-0.241829777634366,-0.345498153236543,-0.00526159929988494,-0.16646190773896,0.0287018336207974,-0.100260098511281,0.248712600604002,0.056811813708176,-0.118029550065982,0.190566278304486,-0.130814299425483,0.0426208501768924,-0.120064001756138,-0.188637290911168,-0.111358651137435,0.0384451890813614,0.023472659468752,0.0759000695958704,-0.0288664396126614,0.105730725311958,0.161129015691767,0.0359893353669574,0.0272115927750755,0.0913955158715132,0.0046572807767136,0.0786314363503491,0.0285261787091015,-0.0525203453821856,-0.0537833386656928,-0.0662342132029523,-0.0688612520494838,-0.0885638544931084,0.000552916640428877,0.0103120740771747,0.0621163384451998,-0.0496595797587087,0.0441055526200338,-0.01670816957558,0.0144435705908988,0.00164511079138219,-0.0488982473013832,-0.0150095579285894,-0.0477390171272201,0.0343959135057638,-0.0330553762195501,0.032866085682836,-0.0493130949403661,-0.0121413437021961,-0.00582622562893254,0.017054230770507,0.0541484110050076,0.00221246942619848,-0.013935964332258,-0.0135191449479036,-0.065923083066234
0.178424788041603,0.232892918807464,0.345935101627169,-0.490253098028155,-0.319157088655602,-0.105305549640858,-0.07750622856766,-0.238772451670399,-0.142836135002622,-0.0414526989467986,-0.112756611571821,-0.0192296341097991,-0.0671144649988066,0.0384217105578761,0.188509597732316,0.0991835756962129,-0.020601867841347,0.0292400357558531,-0.170785014249036,0.00502720633576186,-0.196258889690523,0.0355468160087636,-0.0683684228314587,0.0554961054588498,0.148861665855994,-0.0268120033983498,0.0532381000992493,0.116465887568813,0.0493036258478779,0.129997681159592,-0.0437016129761794,0.131747123356075,0.0324161537490025,-0.0072034603975366,-0.0364515162446618,-0.0573315627553279,-0.0281107585928504,-0.081786920620303,-0.0783903294492715,0.0440028357077979,0.16733807201524,-0.0463545971705397,0.0706350125583937,-0.0370912748176743,-0.0282261689247828,0.112814544404595,-0.020102532138392,0.0330176191875358,-0.0302538198531975,0.0369585795998653,0.101937737924699,-0.167745841454429,0.0636352446290363,0.0339829021307252,0.00288732275950724,-0.0267350228565173,0.0761397625359428,-0.030724017127995,-0.0300824927584552,-0.0910662586288701,0.00231616419968857
0.0963082015395085,0.101643363133036,0.0675490313717847,-0.00809037332982978,0.0260143330208336,0.00788342980459313,-0.0776235599446579,0.0483829587204133,-0.108258113563619,-0.0356171369697006,0.0274339352410457,-0.0719874830106686,0.0369996249664511,0.0515626521232502,0.0301238856179642,0.00895575516387745,-0.0462359182378479,0.0317860948256814,0.167848132521041,0.0605206725310023,-0.223718373499699,0.122478780800656,0.114208374084893,-0.1625454085993,0.171716696403755,0.0512620951119985,-0.0668964513517688,0.0924274225947315,-0.0457297661958217,0.164361677085382,0.0048281652397593,-0.13779516658544,0.103279244586788,0.0206561980149348,0.189809481499154,-0.0248120868805848,-0.394747646673857,0.190671501809142,-0.117285725535694,-0.259374115045069,-0.173507338633362,-0.0267154301796726,-0.401090047917641,-0.0846323253860827,0.181529966651051,0.159577086480173,0.0382902233090222,-0.160173751497913,0.109024730535496,-0.0589927316241565,-0.131807804735189,0.142540245998265,0.00303357905607815,-0.0470113854058122,0.127642329704785,-0.0627987442405802,-0.0522493321285987,0.138733434563136,-0.00765313002934897,0.0705504565869209,-0.0458676963376593
0.13491381090956,0.0877117910994161,0.0406629168834834,0.0644563990730979,0.0837152016594226,-0.0352529335345664,0.0487527321556178,-0.0224416344067371,-0.127241045898201,0.116021339726659,0.0788366525305068,-0.0958225985614168,-0.057188690360255,-0.192407603105886,0.0858631225824889,0.16094825349067,-0.0136902196838836,0.0140257958064613,-0.00498145066593161,-0.058163530481976,0.10444065076707,-0.20655391746281,0.0843926144046105,0.0466460453149578,-0.0384019270267779,-0.0375464268959188,0.00881081326532197,-0.164582618520796,-0.111732460400967,-0.0697211758740083,-0.0994472058916527,0.196822819631477,0.133438613868147,-0.0137865447535659,-0.130372517509454,-0.177898281893607,0.0790565509453588,-0.104599878850071,-0.421754185382814,0.0135035376271984,-0.265616036729202,0.0711908826990187,0.0114006799383622,0.0345374631634531,-0.0877256432201933,-0.0697330973136453,0.031992909280846,-0.077297937570668,0.109844670697308,-0.0641325013187109,-0.231772396002337,-0.246738453458357,-0.128951671324335,0.162869778546813,0.176707571956959,0.0659947935261976,-0.0133378784634403,0.317248119988462,-0.000499075119427012,0.0341416053058197,0.0772596566045878
0.0907393665085039,-0.012766665278774,0.068499960950584,0.104542517997062,-0.0297985017561638,-0.101312032589426,-0.0578512881978413,0.219882212593245,-0.176032136016738,-0.0140747250450614,0.0489951505050685,-0.124447337065817,0.00124758507161585,0.221733143840848,0.100718123250121,-0.114166264316911,-0.375135244319215,-0.178675083596397,0.178143317251286,-0.216295377068293,0.0788019818165005,0.176989063819159,0.223728801022018,-0.00162708199082495,0.100093865519049,-0.269127049300596,0.00649256878895788,0.124551935767777,0.0436166115510837,-0.115459443750283,-0.0666653797775257,-0.169729004040476,-0.136267157031602,-0.262490596159493,-0.0065943547060362,0.102984670705365,0.00864721158384039,-0.1262553418254,-0.2136534513227,0.0364005412829568,-0.0318700709871325,-0.0538593488879162,0.110606213403643,0.0858977224776967,-0.0241415657654771,0.0767408586197155,-0.0319573859943739,0.0723870323185949,-0.264173720912648,0.00324958614474233,0.0860785131465124,-0.0397396738368802,-0.0697271617452148,0.0192002050412716,-0.03654810450913,0.0506890948260825,-0.000149444561258649,-0.00687888123933828,0.135724288942742,-0.0399561514522173,-0.0332981596814406
0.0958973528622067,0.0316456999056535,0.0457996731757168,0.184130583390811,0.035720662612825,-0.0823521838679232,0.0275211307712508,0.0232580499532407,-0.0326635234627129,0.0981824479972769,-0.0536403050557194,-0.0647728704807143,0.0121060411631668,-0.117585393136114,0.0499299457329651,0.0265622775233889,0.106063797009069,-0.0887413216826018,0.0571362281625964,0.00798369837923636,0.0122021709296178,-0.0529271929663671,0.0667011442776165,0.054478564675244,0.069366661342311,0.189850936665255,-0.0358952573852184,0.0253120386847734,-0.0641730367287489,-0.0189972608493783,-0.109464607327174,0.0520023637696043,0.146332245449371,-0.287014493624803,0.0594543959797083,-0.211669157558769,0.122322370346587,0.370994035167554,-0.0271195658810215,0.039972271546751,0.283528705785683,0.199423319008203,-0.107990814454196,0.305778040659083,0.0491224503291636,0.125112253012037,-0.0528764096068397,0.135377350966529,-0.0206673367647189,-0.0679100669515129,0.0051795893093063,-0.167827102140288,0.110800324681913,-0.379136487134872,0.0404748778628331,0.0448721486271666,0.0917839798944734,-0.161983577478291,0.123311615456195,-0.0137236456471199,0.013803817005643
0.0980688886969468,0.01156966913136,0.0429902669993189,0.0212858748078137,0.112955462315121,0.00404187655558763,-0.0299447963069999,0.0896795454731349,-0.105775725336842,-0.0434915913623196,0.0740764570746896,-0.0716246324695258,0.032089330283803,0.0932323327543654,-0.00791070931888064,-0.00114299450229399,-0.0954062923801,0.0130749069230802,-0.013916356599628,0.118095980037017,0.17565690522482,-0.0544481824190608,0.0137840750450236,-0.0874802509915109,-0.0351557417187722,0.046925464294812,-0.022881449419002,0.0769690467298243,0.0262796407120636,0.0481061429391421,-0.107374746414563,0.0516313625379141,0.0356232278064135,0.0258270411300264,-0.267790215211249,0.0243445559811192,-0.0457216385436316,-0.157511361142299,-0.00864640570586838,-0.107016141045141,0.00787551646440899,0.253655790161421,0.0952159713246406,-0.120175102247005,0.15438307030301,0.0249844294652291,-0.18907502939916,-0.0254284663009657,0.39644523575297,0.182746008152205,0.116554966596548,0.0287801461917814,-0.242360135224203,-0.0666944963218901,0.11144130458714,-0.373741216859426,0.203200725890217,-0.316050646398959,0.13293146328826,-0.00555536518084906,0.00270920094794111
0.151892679896225,0.144784847966296,0.000624188845809538,0.0538026688838142,0.15121570901715,0.1115682542432,0.160142708167951,-0.162735202348515,0.0793900996146718,-0.185595818574728,0.160023700741118,0.230811745867918,-0.0519496583079318,-0.0400969294668809,0.0476245030000948,0.0794888626516042,-0.0536729860964168,-0.156761302306951,0.164969885651896,0.0675420089471413,-0.0840932246841761,0.112798098615296,-0.254139103901346,-0.174170937693185,-0.23788187805868,-0.237631200792303,-0.0267522824892127,-0.0749317630366431,0.0824959595426319,0.0412865529672111,-0.225341076901531,0.0696211319467338,-0.00793495743625586,-0.116647058525064,-0.0247003871321201,0.0698579932290204,0.15168115521793,0.126033894879118,-0.0665503021931971,0.189112484998735,-0.073379357859324,-0.029990263912702,-0.227318725877398,-0.10156801850276,-0.000571692676458475,0.216773923768773,0.0422785657212438,0.0643986322479431,0.106096574921016,0.203931042284806,0.162242925767674,-0.0336970512617637,-0.0513659921858395,0.0330184895609145,-0.00593814859690336,0.174803756379009,-0.124629947373516,-0.0815582673570267,-0.0552445415924631,-0.0759591750724878,-0.102765888671416
0.113423498798849,0.0413292443476769,-0.0638990598448005,0.0228254275846465,-0.144801871703104,-0.0869085121470653,0.165218278264636,-0.00456690101200399,-0.28055789478597,0.329424093132146,0.157675347214718,0.112427127802586,0.140173879717952,-0.246579768681587,-0.104488467741822,-0.371687130648201,-0.0654243026062986,-0.0834351661316629,-0.215912595790714,-0.017284862652807,0.135104925326969,0.158910169486997,0.137431009848115,-0.105950109336435,-0.144833131528328,0.0423436322714726,0.12017003211182,0.112314798571178,-0.182527877775075,0.179048283682116,0.0707505878080412,0.178134575028704,-0.061212081940581,-0.0321578648363357,0.110670463948751,0.102542806879327,0.0247918363893371,-0.0281404390058809,0.16015068999276,0.0358090184240171,0.105333546205808,0.0780196360627602,-0.139496772510421,-0.0331457416183433,-0.113227398497156,0.0793272845800098,0.00981415956763908,-0.190771277604519,0.0290338437143056,0.0420141804236941,0.111919939654776,-0.00420386003430534,-0.0578563123043467,0.0743328157255938,0.0181795646548981,0.0261242528157068,-0.024295740224495,0.107584553626509,-0.00811269223909546,-0.0188511027382395,-0.0129552269547092
0.101735271231162,-0.070260764340818,0.0433313526078289,0.043295081627372,-0.0230187817943338,0.0174352746625945,-0.0928931052391536,4.45158676037199e-05,0.0724686661458917,0.0813524185902347,-0.207603987503633,0.136540471665464,-0.00814517600182645,0.0643277972935022,0.0819731117591558,0.0309736300215843,0.0375975449443798,0.0745726056669691,0.0250989019685956,-0.158525122743601,0.234109741503548,-0.103921426975663,0.0329542698033157,-0.00247051044781343,-0.00630059439730005,-0.139590883462514,0.0107885540833095,-0.0669711044378919,-0.0243469487067872,0.175663413016088,0.0273693200500705,-0.148518798257521,-0.208280538869159,0.297604306046673,-0.102469053614931,-0.26105649250214,-0.204215007586465,0.197659625762036,-0.14447842497407,0.175772448456408,0.246315218206053,0.0253310333184074,-0.0971573494780989,0.211774240251891,-0.166178211487708,0.0321299934696194,0.0621621556027037,-0.0880302995405328,0.036456053576439,0.0315701316782327,0.112773045613933,0.210968675932051,-0.158407996810231,0.234330723047133,0.167451581879931,0.104971483572826,0.0025416372262643,-0.116238039683372,0.0597111466561487,-0.0114480097263646,-0.115548255604415
0.123941587131333,0.0218515159273684,-0.0914514579646975,-0.139170871506616,0.145366790156232,0.00679060755531171,-0.0320957029786755,-0.0462209201638741,-0.135819654571905,0.0487424043825185,-0.134984749003328,0.0436246466186118,0.234142852219974,-0.105215311698305,-0.0814757121871749,-0.15123478312233,-0.0569462302202583,-0.176459354177854,-0.0614347395210613,-0.0163996995318768,0.167874929678756,0.095205489954444,-0.195381325219671,-0.0903679618780714,-0.0672740337217134,-0.0657556405699096,0.155907888085115,0.0266616299976533,0.0852389544338858,0.0853872188850704,-0.0102807037575542,-0.0296832452933179,0.201103647834161,0.190365167744148,0.228193016400825,-0.148893880088822,-0.0252987321667324,0.0848994479776439,-0.273569001136139,-0.0354282306717963,-0.190076327815882,-0.097192903041021,0.263445757801795,-0.142743757728971,0.00656173677016259,-0.060885991712193,-0.00774753930798261,0.161080676520686,-0.0085419192622598,-0.126905409227455,-0.162881245883821,0.128940939141276,0.18526557217757,-0.0932574018452532,-0.0573897610015616,0.11831674717761,0.100657490984794,-0.283821263390774,0.113780537006449,0.0191476964423106,0.0262556123275924
0.132531727652307,0.0106256065517542,-0.263495681655618,-0.0736693958216898,0.156591261750042,-0.0484595437088683,-0.299212723491458,-0.0720883631069772,-0.335015233011824,-0.273240179166833,-0.28400908919624,-0.0957153124839561,-0.295818069078327,-0.136815366571176,0.0247141912478337,-0.193305631185451,0.108912986806813,0.150610978466351,0.0708281601371402,0.125809590980835,0.134681660100888,-0.132628959531404,0.0935382758301152,0.162015130615156,-0.046952466266184,-0.0137778183961844,0.0097457506082975,0.0121645134046709,0.124912100628199,0.0749791339320297,0.0326243212337923,0.119708379842876,-0.160802057864207,-0.161632025454225,0.102256820968924,0.00522773241009431,0.0254796008490884,0.0454080521693381,0.132049291418954,0.0939317860923393,-0.202337931979553,-0.0304673235523252,-0.0945057776170798,-0.0223255435574325,0.0944175837988928,-0.0373546542672399,0.0445012992471156,-0.0283502586391433,-0.0629284524841403,-0.00427306412931492,0.149485416645232,-0.0572255272304419,-0.0409589117047657,0.0372706177425097,0.0138561886068022,0.0379347563114503,0.000538562639123469,-0.0471102438215976,0.00879135323510234,0.0784803403982577,-0.0314749013301954
0.139593870967838,-0.0225125346245834,-0.231841118322149,-0.0987387830781214,-0.197007679985708,-0.0736067254129569,0.499346026445692,-0.0779547647153986,0.0198873406175737,0.109502129013113,-0.243374948824952,0.0422118336256119,-0.0318810431867427,0.0505250696361668,-0.32037802751714,-0.0208555264536426,-0.132320209319052,-0.0875043897456991,0.0837169036276661,0.0767430553579801,-0.0222365786032516,-0.0631682079569418,-0.0547550503571216,0.112883011677536,0.205610970933705,0.126983472197066,-0.0329478663592735,-0.047300451412104,0.231846627613269,-0.0292750841353712,-0.262781591465178,-0.0901958468875962,-0.151642460930257,-0.0318147873339525,-0.0269811542387772,-0.0551593914266733,-0.0144073950523902,-0.0341349510680154,-0.0457259571304739,-0.0898064722263247,0.0324302467673543,-0.0857856198627214,-0.143044684239131,-0.0278871934220374,0.140956859015347,-0.226254890466596,-0.0276269885794002,-0.0182113589017011,-0.0273889963623776,-0.00977463003495723,-0.0289533375713083,-0.0749294904114543,-0.165783722314867,0.0249445588703437,0.0508553465783205,0.0414743876801978,0.0439924813827215,-0.0157130564073009,0.0183736626735222,0.00555048745588768,-0.040271544027677
0.110592692690835,0.108940347332791,-0.0657436667365472,-0.0882777851563462,0.138491692870291,-0.0307340359907367,-0.0975357587651079,0.054342650533657,0.0227579258698695,-0.154250476925406,0.0104286048226147,0.0469768773970184,-0.090598417461381,-0.098438765871248,-0.125452186289587,0.0989276553693507,-0.307073874677965,-0.0174473261114753,0.321994099757642,-0.0232814268552865,-0.050162195524879,0.180018822895395,-0.0293353212333657,-0.145936615310165,-0.0388163527574847,0.198611354710711,-0.106827141088542,0.0821114736800814,-0.152328120560737,0.21084900577186,0.09293800090452,0.0273668761234261,-0.196905122251632,0.160175834705188,0.0620012899462852,-0.0684223341199623,0.265020781069144,0.0323675103283853,0.0646953361863857,-0.0791057620445062,0.189740914041003,-0.0214402277788814,0.0357793627035273,0.0355321661861282,-0.243068382430318,-0.18244265889693,-0.079329846283251,0.118983729296043,-0.0264216845829168,-0.0410686825582878,-0.152424104110185,-0.148605965270495,0.0961368742053926,0.0997362929192174,0.164966048994508,-0.234238160517424,-0.0436790063854001,0.0264288569874908,-0.0527932246924573,0.0616380685893867,0.0664859048863545
0.120619852269981,0.0153951873852312,0.0203739427066085,-0.00140920876395842,0.182544916750495,-0.185582663471116,0.0331919034448782,0.0246775791210813,-0.0297334342279684,-0.0422020666503155,0.0402158502862463,0.290257050397338,-0.0273369691371677,-0.117195284216354,-0.00270685090147329,0.248794544883803,0.0330681574575886,-0.00725261357954539,-0.107546217930611,-0.0711831189313027,0.0288616431460397,0.0189819052112115,0.076859947323024,0.110399355881101,0.00397431439687234,0.0528023996185978,-0.0330420270653865,0.0526909639998601,0.0559907305371666,0.104740504689823,-0.0382153109277647,-0.0914339181626097,0.109210498826406,-0.138368505827563,-0.1214417268837,-0.0804737446761228,-0.0699862153963847,-0.363412359651968,0.0961454928916181,-0.158269522018467,-0.0805300319500811,0.0445916655673906,-0.209189098173368,0.065787546056989,-0.223743338876286,0.03121158730031,-0.278045574078965,0.125667531917188,-0.0532546106026418,-0.345502737007479,0.131708110428419,0.236005054577449,0.017838660847461,-0.00280145298201273,-0.122043146167955,0.118443324663556,-0.0120139832491742,-0.0950698038903395,-0.121949070949765,0.0995079212006003,0.00473244635746364
0.126479227852736,0.139534128675646,0.151267423660638,-0.0339727818135841,-0.0279446401258443,0.297208149316475,0.133641304072521,0.272489286408919,-0.109531351364106,-0.0264361797996166,-0.169044208245934,0.0935566333320423,0.286242673722886,0.157195946407642,-0.151170937552991,-0.00112494073164373,0.105432947927538,0.324446529056858,0.0385107161121429,-0.093339006425523,-0.137684868871499,0.00491703590542922,0.185115939605648,-0.0862994816505639,-0.143219213384022,0.0587559044828882,-0.171522928696225,0.126777516050518,-0.00447888555663772,-0.117967744679105,-0.0559441421715253,0.139698802175115,-0.0981028518181517,0.0998784642246217,0.0155673089685635,-0.11344566420465,-0.035311812163007,-0.0325266724118711,0.138029680928162,0.0978427369403051,-0.218516126195755,-0.0205522698663194,-0.000641535652613288,0.0787829328392827,-0.123370967077588,0.0600345965808362,0.0747379162893702,0.145723459095906,0.0501447668230339,0.00377205901566163,-0.00103886906282772,-0.193530317845976,-0.0724028557834485,-0.0360032006119609,-0.161141779001802,0.114999118548937,-0.0163261776773997,-0.0848407731636824,0.102986733936958,0.117729049825335,0.0715913315016125
0.105669071193761,0.0535421140348695,0.0219357072760738,0.0898880808931675,0.0856243510688424,0.029480221472823,0.0868173446025829,-0.0169524055500703,-0.0105722486521899,-0.111630129661888,0.0121794602727924,-0.105831027834566,-0.086021001423442,-0.0446971629637538,0.0699491976948012,-0.0415604312093963,0.0576215238718725,0.0911625147318912,-0.235779094052163,0.00676986654855798,0.0777078026623812,0.297919742879928,0.0849598512727164,-0.144750905005564,-0.0737096770749547,0.0586972135822061,-0.035043191352592,-0.0365698728677082,0.181125823816247,-0.229432025654708,0.0498438885856618,-0.165310066993553,-0.0362579631846979,-0.0011770512606246,-0.0813243548924602,-0.0158115549138045,-0.179428129135281,0.216539475927254,-0.0289381394987062,0.110282748574669,0.237729643125886,0.164533047555171,0.0357677457403427,-0.394094564559363,0.0284629349930312,-0.1072632190631,-0.00241933303159171,0.234789246050575,0.0135803845244881,-0.339983141917656,0.0562390876117696,-0.156861947701183,-0.0871396772578407,0.123619552887691,0.0194739086522622,-0.00248084530340402,0.0141689112510908,0.146018543280534,-0.0900071647186017,-0.000681885214902419,0.0139110191043563
0.137633674742629,0.00549498445564086,-0.101834015345716,-0.15846484519391,-0.102714156065116,0.0895384572376568,-0.0356557687153316,0.108895562189764,0.271423379718321,-0.145337678439189,-0.0654701793152931,-0.0441603802302921,-0.090583678119223,0.297885727146278,-0.225938276606064,-0.0703933745861197,0.0397342599011818,-0.174059164900477,-0.0855579062085656,-0.0111544056629246,0.0419246784441327,-0.0122921529787214,0.207390377994748,0.0249181788258152,0.0494560710194413,-0.0137629239683889,0.17406325946668,-0.0736785188460886,-0.183567840731441,0.0997984084711051,-0.0277672306497887,0.155050679920891,0.213733334862474,0.072345099833288,-0.157908606800396,0.264359603047447,0.0376415438101178,0.14329798144852,-0.131908195934221,0.0650589999115783,-0.122575764894657,0.181787005611256,-0.0864289913579219,-0.0483649262354509,-0.163809927853879,-0.0912062762478005,-0.033249958592185,-0.0608708986351725,-0.0060563741867693,-0.163028159106495,0.22899786225637,-0.0462095934457354,0.189374777651592,-0.0880250853091583,0.112054590601305,0.0134789130925943,-0.149992736702378,-0.00676752409480252,0.0599170740299124,0.124707483083172,-0.0423532039904176
0.13166122246338,0.0809225781348384,-0.185710539758857,-0.130195610725089,0.0518504130138346,0.00618064447878579,0.108942328873203,0.0529807258231739,0.00873074229781061,0.0158848447890034,0.176455047598243,-0.223290781683502,0.212560762588122,-0.043901894117664,0.30756890105411,0.119472112508615,0.0519763203557924,-0.14476882751047,0.0560829571606128,0.139002536159859,-0.110807503561212,-0.251947201864377,-0.0528973913076838,0.0793021036963628,-0.00292210920745046,0.0496547060823195,0.207562215429313,0.327728009335565,-0.0694394623297008,-0.173093735988093,-0.0144070183740647,-0.0929260959367102,-0.310735640497198,0.164949798913866,-0.046369061353757,-0.0757460938053281,0.022894198506029,0.155953661357209,0.0292247370172618,0.0890376887324273,-0.101780164542102,0.15225140295111,-0.0447233547166117,-0.109571456407081,-0.0898147162743634,-0.0412327366430127,-0.197289504256261,-0.130052541144911,-0.152694334601194,-0.0219281515379353,0.0501587705234357,0.085330611047122,-0.00263430197475222,-0.0330510418918229,-0.116936837721666,-0.00590167221004543,-0.104896432362974,-0.0106072612095375,-0.0132133187666918,-0.000708868214350517,0.0655025462377862
0.115756270488976,0.0658031468179589,-0.0266589695841604,0.090489194973522,-0.254926321488647,-0.00176339671829719,-0.00922179820763798,-0.161959831882272,-0.20876071934228,0.19415823884221,-0.0400210150764963,-0.132328298521634,-0.151220535313461,0.117034355711919,-0.162335251019136,0.362426131096952,0.07928684767974,-0.128108435932737,0.0649028600269723,0.382730718055542,0.230480903408202,0.0433241180067051,0.0665444771000677,-0.178929791439308,-0.00808553532497598,-0.179381953458481,-0.189438377927011,0.0470449676889195,-0.0278680625696824,-0.120521745804466,0.191473901646688,-0.212886816539044,0.09608558428289,0.14973662317904,0.103559153019128,0.0544906883040659,0.117597760354201,-0.0139973429162759,0.137442268622761,0.0694678349973652,-0.110069538221163,0.0633038841774738,0.0245033974142906,0.107021664243439,-0.0677171504942816,0.0816651400804519,-0.0423343411765068,0.0681742881637233,0.0566354580888634,-0.010823764589064,0.010790240261205,0.0173324578249427,0.0838408472844507,0.0337884321790239,-0.0612035441833995,0.0294996928821893,0.0407524105061354,0.0418515384389052,0.0262100739586002,0.0367676364496239,-0.0632428494355046
0.134851004617186,0.0182964153236996,0.0610144254939434,-0.0481781518084987,0.0909441408197529,0.0126553165040403,0.117311241269335,-0.114963646826477,0.0399186996234289,-0.0282659686303328,0.175514864703152,0.0987553244013359,-0.0162756033846078,0.119971387903785,-0.0306094529434476,0.0645479760418863,0.0662037985621425,0.0036472636814462,0.0159808551806475,-0.0467326936311365,0.291688631576796,0.237490735441906,-0.0733460164266003,0.117034777833216,-0.0254001175440178,-0.137136584422315,-0.156855754627042,-0.0456525679784271,0.11927297327224,-0.01975137112222,0.00855700656908522,0.292263865513502,-0.0999399850940307,-0.0218131303058138,-0.0741497964719725,-0.0636135811650187,-0.299494014566929,0.161076660307438,0.105322651747357,0.0859843780587272,-0.0965996493492309,-0.0782254674445803,0.0920714313875154,0.110262867698878,-0.00656840811908595,-0.0603051905756244,-0.171353409468187,-0.264098887653929,-0.269991149194999,0.0655111062101099,-0.140062907876649,-0.00588474740961549,0.104468122355482,-0.219759484395513,-0.00591247075039529,-0.224841742554514,0.154943026662156,0.113471030998823,-0.0842517563732163,0.139593163877285,0.0235601880999968
0.176776031804956,0.328909181109664,0.240519370994493,0.172934946415589,-0.120506352088325,0.140004398823115,0.144173868905838,-0.0103427781090715,0.236502310166836,-0.114907816953481,-0.0563653964668333,-0.11618215010217,-0.155058269078567,-0.0545170814922209,0.115718308530185,-0.254839436559941,0.0755603080764061,0.0390070502600433,-0.136407743925107,-0.0835335564129521,0.201124823977355,-0.114046433798638,-0.0434759319215598,0.0999100048928659,-0.155974790846827,0.0199309680170878,-0.128677799750625,0.044925329759894,0.0349794737525171,-0.0192433376130413,-0.004070993220603,-0.167504698020772,0.0049835438758135,0.0916285791552732,0.153695615771,0.02021544128489,0.287422923521077,-0.066382386303926,-0.0402447850610117,-0.318907148801523,-0.00982272949797089,-0.0375594924909693,-0.0384441737190762,-0.0176751339629632,0.0628129013751523,0.113454602609795,-0.0547387739666518,-0.103563901664349,-0.179354575901372,-0.00297327879599375,-0.0400698471470624,0.0986270216704265,-0.00322242578801824,0.0335250593597268,0.0552796537083136,-0.096300061252049,-0.0490779748579514,-0.0608031362525906,0.0311038539345348,0.185183890427801,-0.0234811031345264
0.112679976219289,0.289862007819902,0.04357972885986,0.0583828455246296,-0.0850854837192123,-0.152422080043304,-0.00272438379031194,0.209041662859816,-0.213528410293753,0.0472858514444283,0.204040958040719,0.0735690868199041,-0.268509573913928,-0.0839406195236308,-0.130990716448598,0.059811894307766,-0.0418080658628244,-0.0474719488550799,-0.0740872148733637,-0.267509028043301,-0.219610249138318,-0.237542995496563,-0.144146342937137,-0.125959903948201,-0.00277851944312496,0.0265241748859933,0.0996537515369226,-0.287106076275007,0.0305193325498192,0.040226002874755,-0.0373717932172012,-0.148344793931182,-0.0166177061273216,0.106799516464869,-0.0432195303254886,0.0651804488612339,-0.113169532365389,0.192259849582568,0.208094890660571,0.0362269201475454,-0.156825669374875,0.0542356426829162,0.225041199345431,0.067982884102033,0.0303968331947616,-0.109032426260535,0.138603009982981,0.056388236623578,-0.0802035260770016,-0.0156110628404709,0.0824516063406894,0.102445387902301,-0.0786701455964027,-0.132877675300387,-0.0205637892803125,-0.0878021949423579,-0.00440209826726624,-0.0155435864670203,0.0138062828985861,0.00970999328993493,-0.0313860449233264
0.118920639574043,0.141720917044005,0.0671761682934488,0.2116515516733,0.0412265544654897,-0.225369182466152,-0.00487466909229483,0.0358894199394585,-0.0035924019199077,0.118668895484944,-0.0437712570359479,0.0813342902781364,-0.00673795832845752,-0.0410401370070768,0.051715003398899,-0.00836455778026453,0.113113463783255,-0.00266234466882713,0.0144054152229668,0.099654731046014,-0.0142485083842226,0.0028128128572796,0.104641059511117,0.046641696286246,0.0770118211749265,0.0941739734021517,-0.064899945850172,-0.0543516675945696,-0.143604426164089,-0.094655088177782,0.0879003854784697,0.0950759372895118,0.0416863100375942,-0.043113965461235,-0.196357453242845,-0.0231547667026681,-0.168920692189791,0.0261453379324392,-0.0257675254857875,-0.0277438939919436,0.0282126043179937,-0.227943403901397,-0.0386495367366882,-0.212262943410575,0.0335575757202266,-0.221465352487,-0.104778967180746,0.118633751499654,-0.0691656010058488,0.341362829112587,-0.0340501176643264,-0.0380916514363318,0.292881029758781,0.223853129028413,-0.12141451259243,-0.0313056746457897,-0.301235754006567,-0.181571164054215,0.233850863246908,-0.0119727948384375,-0.170372890770216
0.131425263011583,0.207631720376812,-0.0879160247256036,-0.158011085994916,-0.207733821895159,-0.0619178567682303,-0.343518918396307,0.444268711297102,0.290135656551487,0.0503852533786144,-0.0938573351738037,0.123178918031387,0.202997384711977,-0.21883416580846,-0.018797111223031,0.0910388882458446,-0.100656782495378,0.016638659275788,-0.0736255568036203,0.219354338016737,0.151038852403671,0.106504825381119,-0.0650108059336938,-0.0239381190562546,0.0197175654999762,-0.0134915289585791,0.111835644806789,-0.206442858466192,0.152741127335437,-0.239716978398603,0.0196550140800703,0.0309959307784685,-0.0478374184184457,-0.142525649084929,0.0609913955256151,-0.0113840377995718,0.0238075691541419,-0.0309978711617166,0.0334940389063041,0.0495685764716405,0.00488460205020307,-0.0137640572867078,-0.101296686619836,0.0293326394943502,0.0604517573901981,0.0612137275713811,-0.047532254487249,-0.0186692381860669,0.0156150133237463,0.0749630957122195,-0.0845778474410446,0.05368036890533,-0.0762169325677963,-0.0293275976696115,0.0886766844101049,-0.0129415337813906,0.00925894725206847,0.0713577049800202,-0.0679129338624692,-0.0367257760245403,-0.027148972585911
0.136054531204063,-0.0840876041767895,0.00983640608483514,0.0859253793706839,0.151114216041049,-0.0963063274509326,-0.138776508659006,-0.114865129160914,0.127328224935466,0.173987186760205,0.0297061566854438,0.0653613042358019,0.070804291583345,0.163472496610651,0.082689217902473,6.24346669655662e-05,0.0214461189701634,-0.0561471526968976,-0.200131922060114,0.0964686545303853,-0.0266501561881167,-0.0160487582328727,-0.174692443292058,-0.0216781134603897,-0.0651374324892388,0.0930085232983829,-0.00514129315805127,-0.00560352696831918,0.176176731268725,0.108925673240538,-0.0116427357700785,-0.088030787310563,-0.368248640135918,0.0208796646622114,-0.0302262166041754,0.10109397995298,-0.0775170475075878,-0.181824082160112,0.0879416881275823,-0.148078242652247,-0.13682080975975,0.0798986843041688,-0.00747283491041344,0.0527154195590041,-0.0565450556547339,0.096130812720681,0.224025561338143,0.0562306241779779,0.0174316046674659,-0.101624861209528,-0.0212439924280859,-0.278374690076568,0.188342904254811,-0.139371874428813,0.254877282529717,0.0586106378417472,-0.0404596526569336,0.101088657191597,0.349489957702159,-0.0313440986119644,-0.0837370176511928
0.141263698308306,-0.0219966468674109,0.0823608246868963,-0.00950411377524785,0.299720605582155,0.393385336111399,-0.115632224151123,0.00210363378654494,-0.101342698811837,0.383332695183586,-0.201286551876257,-0.0258018524572867,-0.123297271986362,0.0800709084881413,-0.0225619527972351,0.175843843926772,-0.132501854674613,0.0114149901460828,-0.0383584250272086,0.098361714614225,-0.127294933281255,-0.0170756494980389,0.000354781163177734,0.154307121545225,-0.0877809388782763,-0.130686026131003,0.159038502872932,-0.172326477513584,-0.0805318167328389,-0.0715850114744238,-0.134550293026477,0.035494940674149,0.0282619288409739,-0.0879333122741479,0.0856612721606631,0.12506410085092,-0.0212236930674261,0.0642907120622578,0.0763462266821439,-0.261780309253794,0.213270065852013,0.0069696741566082,-0.0262615851044673,-0.168992245102092,-0.167207372853765,-0.0507613979213584,0.0322434108768451,-0.112997642397083,-0.151693267899499,0.0451453855177104,-0.0142311868854789,0.0303432306814705,-0.0708671822456692,0.00152519408949207,-0.0884664875855536,-0.0332689195979426,0.0500138957497088,-0.0567544394862996,-0.0359450411016938,-0.0413176027213699,0.070522904233135
0.131457214464149,0.0279738254716029,0.0609847501050874,0.060312398765873,0.0478528820497792,-0.195066478327252,0.25323039896807,-0.0327841744190508,0.12379048717054,-0.0193352759867038,-0.0607534069412226,-0.263708335472398,0.0567687608122464,-0.0292618205546541,-0.0398670063612459,-0.0158678720745087,0.0126124623171294,0.269152110627897,0.119871295215622,-0.0309039532715,-0.194712784702059,-0.0453756284027285,-0.0713478794934648,0.0533815180286594,-0.0789804114516979,-0.288764210365059,0.183883462146828,-0.0999694671432295,0.121142121612296,0.0318769225605677,0.323419886058673,0.0669053321496978,-0.00377127647164072,-0.147768549575658,0.286813466211753,0.160326869785682,-0.115642983471927,-0.136093356150651,-0.0398625075047375,0.144001983974954,0.07342792249442,0.187076358291961,-0.0313435435779783,0.0771325619807886,-0.192263900055218,-0.120654687396815,-0.0985547907926856,0.0219839699881151,0.165550319338732,-0.00446976723370234,-0.124161195733294,0.0494457354331233,0.0216841796196693,-0.0399503002390068,0.0619283132906649,-0.0730178644857716,-0.0105512832136783,-0.113002665743184,0.0331588679336398,0.0213709198899375,-0.126949360501757
0.1166832180094,0.0283451226965704,-0.0183469450251819,0.137459532772373,0.140472891647284,0.0406745629432426,0.0947171299990362,0.18616175389736,-0.052950303109418,-0.129730162997494,0.18191226552219,0.0293414353816777,-0.000764316548045466,0.122849603429372,0.0608819071880984,0.0294184778575407,0.04449399152932,0.122157255744961,-0.213514890588322,0.210727655873244,0.0886068106282249,-0.171784262204876,0.0564396773993791,-0.11113703252349,0.375649029699126,0.101031641611521,0.0201983403780581,0.0613557870232238,0.166355979673562,0.222573669450843,-0.0316356029310158,-0.0918545918872154,0.109474589238025,-0.064572338394855,0.0660875389881847,0.129846099679108,0.132499003894073,0.00181960830038551,-0.0375389783315662,0.253993137466807,0.114137383671535,-0.304756923127716,-0.0179817441900823,-0.103677267597564,-0.287354408522211,0.00641595246233878,0.137233480252401,-0.118833429031136,-0.0234599328606947,0.0771279059632426,-0.150141259515076,0.021264801167478,-0.00512581174114778,-0.0237767987013793,0.0286941832085692,0.0183340471919814,0.168551783989306,-0.0317280542417126,-0.00721653891250833,-0.0209194694333183,0.107644960493268
0.134714749644905,0.0589212969847355,0.107642332830444,0.259898274469241,-0.0279850530463087,-0.0961248189513339,0.00223798897874287,-0.020656185095695,0.106746708303487,0.0862870818633715,-0.126972462936458,-0.0174631900342546,-0.0434941039768615,0.045672395474533,-0.0344722620272458,-0.141056137946114,0.0497210223870215,0.0135199945803457,0.209357116768636,0.0632379244633978,0.0714576601066512,-0.0816346007645549,0.010795416365464,-0.0630884397845434,-0.0280870886065288,0.0552945266548403,0.1494009029459,-0.0343132543209005,-0.11536839521332,-0.0514392224916548,-0.0677382464212991,0.0333943074749454,-0.135268918216713,0.119610920465283,0.027882787506374,-0.0263205193117943,-0.139944740406296,-0.176269980780188,-0.10458031619963,0.0650094989579102,-0.0841268740407676,-0.119392939793744,-0.0738298918783759,-0.0346716808180311,0.0144420268482181,0.0418094644513748,0.0835709162995883,0.114238064886362,0.0195602136348487,-0.0467726880150443,0.240739009868235,-0.0152922470712785,0.235541696412211,-0.118622095453046,-0.0274366387649051,-0.1481295581395,0.174827890502672,0.0222351135389389,-0.395288506017199,-0.318576788881755,0.348464078042841
0.142156902540712,0.000953797982507554,-0.40596777595992,-0.155618935979034,-0.0617581937140782,0.0210864985963424,0.0472824534087717,0.161116501517745,0.0604676580472785,0.201148237150169,0.0754552636198393,-0.189001970359115,-0.0454138329760609,0.0650974147137756,0.27585463255414,0.0926990129745218,0.440955091956799,-0.0788668315374613,0.0769746706878247,-0.215006107979653,-0.0386389106986691,0.187547583636869,0.107735138060397,-0.000975060148114075,-0.116823988375582,-0.0567176577231786,-0.115234636325486,-0.106574950597714,-0.0512128296459195,0.212146289420932,-0.176998263511719,-0.0198058975769766,0.0352146716390716,-0.0128065722639985,0.103411071265749,0.00435519854939649,0.00848806582552883,-0.174114677308592,0.0186937894607787,-0.00280892415502053,0.0884062417828556,-0.157848579397852,0.0433766488209926,-0.0353095802923894,0.045163308449183,0.0193103266998312,0.0752371768260834,0.194314935057914,0.0333774579009993,0.064814555471056,-0.00768713725746762,0.011749199397303,-0.0361774564581886,-0.00965702765189829,0.0635361785917235,-0.131581680762973,0.0422612725375689,-0.0176284311927966,-0.0390772143813103,0.0570273105674661,-0.0124253192139125
0.0950428690602389,0.125210851507026,0.0467395339183618,-0.16877036464159,0.210293777872901,-0.0434328040012492,-0.106475597563182,-0.0429361146078423,-0.157022775252804,-0.0582184642396456,0.102328533630277,-0.171440450932149,0.258060716949374,-0.00520752018768187,-0.270960109198578,-0.0374629617958254,0.103209361222158,-0.10897911022362,0.0797131377157156,-0.13729890747892,0.0783364054489945,-0.0530598760806832,-0.246344487323881,0.262724475511867,-0.0850332543932291,0.139469068158397,-0.177231877445553,0.0278368477200659,-0.113380498133144,-0.264979868126911,0.0169793519523184,-0.215677388214107,0.182509560184177,0.0422437129884624,-0.0569358606159188,0.223615079986462,-0.0979304335980338,-0.11929393342367,-0.0100426205263633,0.170317699769438,0.186567807762628,-0.117395405434932,-0.18417683335073,0.0986101834319979,-0.00430159418754082,0.0145255097022558,0.171920473530163,-0.0636524841020003,-0.0267910285011968,-0.0179323964039592,0.0588444523976477,-0.047613714850564,-0.0123557673257446,0.082849954552577,0.131597994807938,-0.0387968574759703,0.0183554335636044,-0.0166251913187729,-0.0115034705981574,-0.00330327553143879,-0.0114349164965065
0.13582069308645,0.181008181595416,-0.316802868283516,-0.0642477593841106,0.194728579099489,-0.15286903122415,-0.0369214034959188,-0.0890454757897538,0.0483241867393479,-0.0418485152950908,0.0229102740114473,0.249043782752779,-0.111188186254693,0.256823414710286,-0.0508990608310748,-0.269219014470579,0.000515709752163182,0.0111538564451543,-0.179063683296732,0.118855738939018,-0.29255532036562,-0.0925218613121317,0.120930551730432,-0.0677821511085938,0.0100886196031328,-0.171963773152963,-0.186383115873039,-0.0584613973682319,-0.215987719618859,-0.238316452675475,0.0980923932246844,-0.00212647310233133,-0.0148686141542457,0.0943860679947239,0.0167647707351006,-0.112546795818908,0.0250848045278505,-0.0821349955196974,-0.0824015468542449,-0.0080757063302242,0.171210057440816,0.0419874921026335,0.0999063088298056,0.105088904900303,0.0955248829607843,0.162268135283811,-0.137243546037522,-0.0743935585841732,0.00952639176758613,-0.0323023799202179,-0.186153820134353,0.0208456481163787,-0.0543966084577701,-0.02602673729509,-0.0320401804971737,0.0584354770238809,0.0916308863067139,0.0162960907575617,-0.0150447197188485,-0.0955660478965569,0.0505103295999752
0.133915354684652,0.0717386881480736,-0.162574984165199,-0.153863975285764,0.117548896573694,-0.0554141644337032,0.0116068693596959,-0.190744530845308,0.188662494018356,0.13113136616235,0.0458414721005151,-0.0708885205961408,0.0971975818411968,-0.085775123630818,0.109565402222483,0.030819576912151,-0.126839737061849,0.0783525089749091,0.0576248664512831,-0.186820068486017,0.0609125972491896,-0.108055618762543,0.161982333981986,-0.264427609467728,0.0929237233942565,0.045504130038461,-0.185037662086477,0.0707436745694718,0.261444594149961,-0.171335515238166,0.21430297618079,0.133138163416051,0.101173834673782,-0.0890105880509336,-0.087160751061944,0.104819786314444,0.0333628498963627,0.167063454165263,0.00841587260307627,-0.304735320625303,-0.0366427126601754,-0.0537295944660122,0.0636190372031535,0.127059445103571,-0.0864892235977473,-0.0850718601028928,0.240309922451783,-0.0647425819829586,0.0887474846787041,0.0764918323620852,0.279462796514937,0.0688703189782519,0.0485381516092843,0.0778671808920128,-0.0666999896690701,0.0938267521354468,0.0963473610876839,-0.0458655493999871,-0.0583871362534515,-0.0211591174746619,0.0846367780872521
0.109009548604104,0.172582675526458,0.0411599029535638,0.226083498893913,0.0854864365491126,-0.130702885471838,-0.00980365259189819,0.150446946120402,0.127013754780706,0.0594233747822936,-0.0576071029075182,0.0580364901486204,-0.00311280418091198,0.0482899006086154,0.073148800713854,-0.000723994509545578,0.00139002010902435,-0.174325516419105,0.202562943036965,0.0959500765709999,-0.0189229977500415,0.120195531796151,-0.117077094636515,0.369906791245914,0.218490949511707,-0.057533936057648,-0.0662734368336301,0.214985412600543,0.0396708108000873,0.141959335086113,0.0538573464070796,0.237065288488197,0.143184104661852,0.172474165520626,0.0706740780039637,0.0340215607637946,-0.0377054606842832,0.00761034989253524,0.177260184661187,-0.0100918892514844,0.0548991724246191,0.112825304505654,0.268210598685412,-0.0715541571534512,0.106738040445958,0.0237924187705228,0.183291489658409,-0.0396955034353507,0.144522765235953,-0.118210454525308,0.0700881120732908,-0.0400021046912359,-0.216402481887047,0.0914862403722478,-0.0557801351657191,0.220855742656832,-0.0493591686311354,0.085070131420694,-0.0533538289406788,0.0655511302992146,0.0358795630892492
0.123491476064632,-0.0154765553807506,-0.0473352050490413,-0.0481901718176718,0.106914093539736,-0.127312062496606,0.0622379544841024,-0.0189860855855023,-0.0551015623347903,-0.10695577832249,-0.165623589361217,-0.11159410525531,0.0791859605056903,0.148806600953237,-0.061868991789747,-0.0934192646974937,0.000159787984206165,0.0788508019436502,-0.122565494663092,0.0103260734185342,0.131523315903227,0.0744336730805627,-0.0839570467406546,0.0577953192743319,0.0228768844551332,0.0392444977491687,0.14082823821338,0.0513979046917037,-0.00715585691570959,0.0388068411839308,-0.22107508139292,-0.15082686194173,0.0352972848966788,-0.127546592985824,-0.123410209428653,-0.0663230260081824,0.0165105917326568,0.123415390038455,0.0765649911875338,-0.146057856348777,-0.028371526609406,0.144483415030309,0.161227089680432,0.185661979882596,-0.182649276064934,0.172630259019132,0.128291848774202,0.145804162936083,0.172601133074648,0.232835910476604,-0.164142208314895,0.142890741915553,0.0908095078669147,0.070568440578886,-0.225867727220617,-0.148747931092262,-0.258149430485575,0.299874527758297,-0.229235634614764,-0.0444409911480595,-0.0936185632627499
0.129430726647823,-0.0532630979762735,0.0806447795665609,-0.0675350440920884,0.0958214883375612,-0.175748488339039,0.0433162839662513,-0.0351049327393447,0.0956835257692095,-0.0637513377235609,0.0498954456039947,-0.0340402095915167,-0.126465358124378,0.114418895123682,-0.0586667179419202,0.245976415474158,0.0104900843453578,0.249244723743589,-0.100699142609184,0.0541762660438999,0.125259063082005,0.178220462821832,-0.00656152236367107,-0.0877187667377362,-0.177254454905669,0.275324712048532,0.145397477634976,0.129835335525884,-0.30024566457381,-0.0323418068058308,-0.0291593903751034,-0.0194987304560197,-0.0403496203830152,-0.0592799468638878,0.231645420868033,0.0508858627748829,-0.013902789895356,-0.0148378092733301,-0.127604655910959,-0.0215621910646822,-0.00929109187479997,-0.138459056780687,0.171427087490947,0.0749155225674323,0.178270370316437,-0.165935471314972,-0.00192930476611302,-0.0793133684958253,-0.0361537988794346,0.118078003251679,0.145813818508756,0.113221667438342,-0.263517193932409,-0.170206571617917,0.0609723671689361,0.272561938255555,-0.108464749611834,0.0283472045104112,0.0643062272282677,-0.0827532433273861,0.0201637863268066
